scenario,model,trial,elapsed_sec,rbac_patch,netpol_patch,podsec_patch,confidence,prompt_tokens,completion_tokens,total_tokens,input_cost_usd,output_cost_usd,total_cost_usd
CVE-2023-2431,gemini-2.0-flash,1,2,false,false,false,1,64,21,85,0.00002240,0.00002205,0.00004445
CVE-2023-2431,gemini-2.0-flash,2,1,false,false,false,1,64,21,85,0.00002240,0.00002205,0.00004445
CVE-2023-2431,gemini-2.0-flash,3,1,false,false,false,1,64,21,85,0.00002240,0.00002205,0.00004445
CVE-2023-2431,gemini-2.0-flash,4,2,false,false,false,1,64,21,85,0.00002240,0.00002205,0.00004445
CVE-2023-2431,gemini-2.0-flash,5,1,false,false,false,1,64,21,85,0.00002240,0.00002205,0.00004445
CVE-2023-2431,gemini-2.0-flash,6,2,false,false,false,1,64,21,85,0.00002240,0.00002205,0.00004445
CVE-2023-2431,gemini-2.0-flash,7,1,false,false,false,1,64,21,85,0.00002240,0.00002205,0.00004445
CVE-2023-2431,gemini-2.0-flash,8,1,false,false,false,1,64,21,85,0.00002240,0.00002205,0.00004445
CVE-2023-2431,gemini-2.0-flash,9,1,false,false,false,1,64,21,85,0.00002240,0.00002205,0.00004445
CVE-2023-2431,gemini-2.0-flash,10,1,false,false,false,1,64,21,85,0.00002240,0.00002205,0.00004445
